,dipolarophile
0,COC(=O)C(C(=O)OC)=C(C(=O)OC)c1ccccc1
1,O/C(Br)=C(\O)Br
2,COC(=O)C(C#N)=C(C#N)C#N
3,CC(C)=C(c1ccccc1)c1ccccc1
4,COC(=O)C(C(C)=O)=C(C(C)=O)C(C)=O
5,CC(C)=C(C)F
6,C=C(O)O
7,OC(Br)=C(Br)Br
8,COC(=O)C(=C(c1ccccc1)c1ccccc1)c1ccccc1
9,O/C(F)=C(\O)F
10,COC(=O)/C(O)=C(\O)C(=O)OC
11,CNC(=O)/C(=C(\C(=O)NC)C(F)(F)F)C(F)(F)F
12,COC(=O)C(F)=C(F)F
13,CNC(=O)C(C(=O)NC)=C(C(F)(F)F)C(F)(F)F
14,CC(Cl)=C(Cl)Cl
15,CNC(=O)/C(C#N)=C(/C#N)C(=O)NC
16,COC(=O)/C(C#N)=C(\C#N)C(=O)OC
17,CNC(=O)C=C(C(=O)NC)C(=O)NC
18,OC(O)=C(O)Cl
19,N#CC(C#N)=C(O)O
20,C=C(c1ccccc1)c1ccccc1
21,CC(=O)C(Cl)=C(Cl)Cl
22,CNC(=O)C(C(=O)NC)=C(C)C
23,N#C/C(O)=C(\O)C#N
24,CC(=O)C(C(C)=O)=C(C(C)=O)c1ccccc1
25,ClC(Cl)=C(Cl)c1ccccc1
26,CNC(=O)/C(=C(/C(=O)NC)C(F)(F)F)C(F)(F)F
27,COC(=O)/C(C)=C(/C)C(=O)OC
28,C/C=C/C
29,C=C(C(C)=O)C(C)=O
30,CC(=O)C(C(C)=O)=C(C)C
31,CC(=C(C(F)(F)F)C(F)(F)F)C(F)(F)F
32,COC(=O)C(F)=C(C(=O)OC)C(=O)OC
33,CC(=O)C(C(C)=O)=C(c1ccccc1)c1ccccc1
34,F/C(=C(/F)c1ccccc1)c1ccccc1
35,CC(C)=C(C)O
36,CC(C)=C(Cl)Cl
37,CNC(=O)C(C)=C(C(=O)NC)C(=O)NC
38,CNC(=O)/C=C/C(=O)NC
39,CNC(=O)/C(F)=C(/F)C(=O)NC
40,CNC(=O)C(C(=O)NC)=C(C(=O)OC)C(=O)OC
41,O/C(Cl)=C(\O)Cl
42,CC(C)=C(Br)Br
43,COC(=O)/C(Br)=C(/Br)C(=O)OC
44,CC(=O)C=C(C(C)=O)C(C)=O
45,CC(C)=C(C)C(F)(F)F
46,CC(=O)/C(O)=C(/O)C(C)=O
47,CNC(=O)C(C(=O)NC)=C(C(=O)NC)C(=O)OC
48,CNC(=O)C(O)=C(O)O
49,C/C(O)=C(/C)O
50,CC(Br)=C(Br)Br
51,CC(=O)/C(=C(\C(C)=O)c1ccccc1)c1ccccc1
52,CNC(=O)C(F)=C(C(=O)NC)C(=O)NC
53,CC(=O)/C(=C(/C(C)=O)c1ccccc1)c1ccccc1
54,COC(=O)C(C(=O)OC)=C(C(C)=O)C(C)=O
55,CNC(=O)C(C(=O)NC)=C(C(=O)NC)C(F)(F)F
56,COC(=O)C(C(=O)OC)=C(C(=O)OC)C(F)(F)F
57,C/C(=C(/C)C(F)(F)F)C(F)(F)F
58,F/C(=C(\F)c1ccccc1)c1ccccc1
59,CNC(=O)/C(Cl)=C(\Cl)C(=O)NC
60,FC(F)=C(c1ccccc1)c1ccccc1
61,CC(=O)/C(Cl)=C(/Cl)C(C)=O
62,Cl/C(=C(/Cl)c1ccccc1)c1ccccc1
63,C=CC(C)=O
64,FC(F)(F)C(=C(c1ccccc1)c1ccccc1)c1ccccc1
65,C=C(C)C
66,C/C(=C(\C)c1ccccc1)c1ccccc1
67,N#C/C(=C(\C#N)c1ccccc1)c1ccccc1
68,CNC(=O)C(F)=C(F)F
69,OC(=C(c1ccccc1)c1ccccc1)c1ccccc1
70,O/C(=C(/O)c1ccccc1)c1ccccc1
71,CC(=O)/C(C)=C(\C)C(C)=O
72,COC(=O)C(C#N)=C(C(=O)OC)C(=O)OC
73,CC(=O)C(O)=C(O)O
74,CC(=O)/C(C#N)=C(\C#N)C(C)=O
75,N#C/C(O)=C(/O)C#N
76,COC(=O)C(C(=O)OC)=C(c1ccccc1)c1ccccc1
77,CNC(=O)/C(C(=O)OC)=C(\C(=O)NC)C(=O)OC
78,FC(F)(F)/C(=C(\c1ccccc1)C(F)(F)F)c1ccccc1
79,CNC(=O)/C(F)=C(\F)C(=O)NC
80,CC=C(C)C
81,CC(=O)C(C#N)=C(C#N)C#N
82,CC(=O)/C(Br)=C(/Br)C(C)=O
83,C/C(=C(/C)c1ccccc1)c1ccccc1
84,C/C(C#N)=C(\C)C#N
85,CC(C)=C(C(F)(F)F)C(F)(F)F
86,CNC(=O)C(C(=O)NC)=C(F)F
87,C/C(=C(\C)C(F)(F)F)C(F)(F)F
88,COC(=O)C(Cl)=C(Cl)Cl
89,CNC(=O)C(C(=O)NC)=C(C#N)C#N
90,C=CC
91,CNC(=O)/C(O)=C(\O)C(=O)NC
92,N#CC(=C(c1ccccc1)c1ccccc1)c1ccccc1
93,CC(F)=C(F)F
94,COC(=O)/C(C#N)=C(/C#N)C(=O)OC
95,CNC(=O)/C(=C(\C(=O)NC)c1ccccc1)c1ccccc1
96,CNC(=O)/C(C)=C(\C)C(=O)NC
97,C=CO
98,COC(=O)C(Cl)=C(C(=O)OC)C(=O)OC
99,COC(=O)/C(Cl)=C(/Cl)C(=O)OC
100,CNC(=O)C(Cl)=C(Cl)Cl
101,Cl/C(=C(\Cl)c1ccccc1)c1ccccc1
102,CNC(=O)C(C(=O)OC)=C(C(=O)OC)C(=O)OC
103,CC(C)=C(C)Br
104,CNC(=O)C(Cl)=C(C(=O)NC)C(=O)NC
105,CNC(=O)C(O)=C(C(=O)NC)C(=O)NC
106,CC(=O)/C=C/C(C)=O
107,C=Cc1ccccc1
108,COC(=O)/C(F)=C(\F)C(=O)OC
109,CC(=C(c1ccccc1)c1ccccc1)c1ccccc1
110,COC(=O)/C(Br)=C(\Br)C(=O)OC
111,COC(=O)/C(Cl)=C(\Cl)C(=O)OC
112,COC(=O)/C(=C(\C(=O)OC)C(F)(F)F)C(F)(F)F
113,BrC(=C(c1ccccc1)c1ccccc1)c1ccccc1
114,CNC(=O)/C(O)=C(/O)C(=O)NC
115,COC(=O)C(C(=O)OC)=C(F)F
116,CC(=O)/C(O)=C(\O)C(C)=O
117,CC(=O)C(C)=C(C)C
118,CC(C)=C(F)F
119,COC(=O)/C=C\C(=O)OC
120,C/C(F)=C(/C)F
121,O/C=C\O
122,C/C=C\C
123,CC(=O)/C(Br)=C(\Br)C(C)=O
124,CC(=O)/C(=C(\C(C)=O)C(F)(F)F)C(F)(F)F
125,O/C(Br)=C(/O)Br
126,N#C/C(=C(/C#N)c1ccccc1)c1ccccc1
127,CNC(=O)/C(Cl)=C(/Cl)C(=O)NC
128,FC(F)=C(F)c1ccccc1
129,COC(=O)C(C(=O)OC)=C(C#N)C#N
130,CNC(=O)/C(Br)=C(\Br)C(=O)NC
131,CNC(=O)/C(C)=C(/C)C(=O)NC
132,C/C(C#N)=C(/C)C#N
133,CNC(=O)C(C#N)=C(C(=O)NC)C(=O)NC
134,C=CC(=O)OC
135,CC(C)=C(C)c1ccccc1
136,CNC(=O)C(=C(C(F)(F)F)C(F)(F)F)C(F)(F)F
137,CC(=O)/C(=C(/C(C)=O)C(F)(F)F)C(F)(F)F
138,CC(=O)C(C(C)=O)=C(F)F
139,COC(=O)C=C(C(=O)OC)C(=O)OC
140,C/C(F)=C(\C)F
141,O/C(=C(\O)c1ccccc1)c1ccccc1
142,CC(=O)C(O)=C(C(C)=O)C(C)=O
143,OC(O)=C(Cl)Cl
144,Br/C(=C(\Br)c1ccccc1)c1ccccc1
145,CNC(=O)C(Br)=C(Br)Br
146,CC(=O)C(C(C)=O)=C(Br)Br
147,CC(=O)C(Br)=C(Br)Br
148,COC(=O)C(=C(C(F)(F)F)C(F)(F)F)C(F)(F)F
149,CC(=O)/C(C)=C(/C)C(C)=O
150,CNC(=O)/C(C(C)=O)=C(\C(C)=O)C(=O)NC
151,CNC(=O)C(C(=O)NC)=C(Br)Br
152,CC(=O)C(C(C)=O)=C(C#N)C#N
153,CNC(=O)C(C(C)=O)=C(C(=O)NC)C(=O)NC
154,COC(=O)C(C(C)=O)=C(C(=O)OC)C(=O)OC
155,CC(C)=C(C)C#N
156,CC(O)=C(O)O
157,CC(=O)/C(F)=C(\F)C(C)=O
158,O/C(=C(/O)C(F)(F)F)C(F)(F)F
159,CNC(=O)/C(C(=O)OC)=C(/C(=O)NC)C(=O)OC
160,CC(C)=C(C)Cl
161,C/C(Br)=C(/C)Br
162,COC(=O)/C(=C(\C(=O)OC)c1ccccc1)c1ccccc1
163,CC(=O)C(C(C)=O)=C(O)O
164,CC(C)=C(O)O
165,OC(O)=C(O)F
166,COC(=O)C(C(=O)OC)=C(Cl)Cl
167,ClC(=C(c1ccccc1)c1ccccc1)c1ccccc1
168,CC(=O)C(C#N)=C(C(C)=O)C(C)=O
169,OC=C(O)O
170,CC(=O)C(C(C)=O)=C(C(C)=O)C(F)(F)F
171,CC(=O)/C=C\C(C)=O
172,COC(=O)C(O)=C(C(=O)OC)C(=O)OC
173,C=C(C(=O)OC)C(=O)OC
174,CC(C#N)=C(C#N)C#N
175,ClC(Cl)=C(c1ccccc1)c1ccccc1
176,OC(O)=C(O)c1ccccc1
177,OC(=C(C(F)(F)F)C(F)(F)F)C(F)(F)F
178,OC(O)=C(C(F)(F)F)C(F)(F)F
179,CNC(=O)C(C(C)=O)=C(C(C)=O)C(C)=O
180,COC(=O)C(C)=C(C)C
181,C(=C(c1ccccc1)c1ccccc1)c1ccccc1
182,N#CC(O)=C(C#N)C#N
183,COC(=O)C(Br)=C(Br)Br
184,C/C(O)=C(\C)O
185,CC(=O)C(C)=C(C(C)=O)C(C)=O
186,CNC(=O)C(C(=O)NC)=C(O)O
187,COC(=O)C(C)=C(C(=O)OC)C(=O)OC
188,CC(C)=C(C#N)C#N
189,O/C=C/O
190,CC(=O)C(=C(c1ccccc1)c1ccccc1)c1ccccc1
191,OC(Cl)=C(Cl)Cl
192,CC(=O)/C(F)=C(/F)C(C)=O
193,CC(=O)C(F)=C(C(C)=O)C(C)=O
194,CC(=O)C(C(C)=O)=C(Cl)Cl
195,CC(=O)/C(Cl)=C(\Cl)C(C)=O
196,CC(=O)C(Br)=C(C(C)=O)C(C)=O
197,CC(=O)C(Cl)=C(C(C)=O)C(C)=O
198,COC(=O)/C(O)=C(/O)C(=O)OC
199,FC(F)(F)C(=C(c1ccccc1)c1ccccc1)C(F)(F)F
200,COC(=O)C(C(=O)OC)=C(O)O
201,N#CC(C#N)=C(c1ccccc1)c1ccccc1
202,C/C(Br)=C(\C)Br
203,CNC(=O)C(C)=C(C)C
204,OC(O)=C(F)F
205,Br/C(=C(/Br)c1ccccc1)c1ccccc1
206,COC(=O)/C=C/C(=O)OC
207,COC(=O)/C(=C(/C(=O)OC)C(F)(F)F)C(F)(F)F
208,COC(=O)/C(C(C)=O)=C(/C(C)=O)C(=O)OC
209,O/C(=C(\O)C(F)(F)F)C(F)(F)F
210,OC(F)=C(F)F
211,CNC(=O)C(=C(c1ccccc1)c1ccccc1)c1ccccc1
212,CC(=O)C(C(C)=O)=C(C(F)(F)F)C(F)(F)F
213,O/C(Cl)=C(/O)Cl
214,BrC(Br)=C(Br)c1ccccc1
215,COC(=O)C(C(=O)OC)=C(C(F)(F)F)C(F)(F)F
216,CNC(=O)C(C#N)=C(C#N)C#N
217,C=C(C(=O)NC)C(=O)NC
218,COC(=O)C(C(=O)OC)=C(C)C
219,COC(=O)C(O)=C(O)O
220,CNC(=O)C(C(=O)NC)=C(C(C)=O)C(C)=O
221,OC(O)=C(O)C(F)(F)F
222,OC(O)=C(Br)Br
223,CNC(=O)/C=C\C(=O)NC
224,FC(F)(F)C(=C(C(F)(F)F)C(F)(F)F)c1ccccc1
225,OC(O)=C(c1ccccc1)c1ccccc1
226,CNC(=O)/C(C#N)=C(\C#N)C(=O)NC
227,O/C(F)=C(/O)F
228,OC(O)=C(O)Br
229,CC(=O)/C(C#N)=C(/C#N)C(C)=O
230,COC(=O)C(Br)=C(C(=O)OC)C(=O)OC
231,CC(=O)C(F)=C(F)F
232,COC(=O)/C(=C(/C(=O)OC)c1ccccc1)c1ccccc1
233,COC(=O)/C(C(C)=O)=C(\C(C)=O)C(=O)OC
234,COC(=O)/C(C)=C(\C)C(=O)OC
235,C/C(Cl)=C(/C)Cl
236,FC(F)(F)/C(=C(/c1ccccc1)C(F)(F)F)c1ccccc1
237,CC(=O)C(=C(C(F)(F)F)C(F)(F)F)C(F)(F)F
238,CNC(=O)C(C(=O)NC)=C(c1ccccc1)c1ccccc1
239,C(=C\c1ccccc1)\c1ccccc1
240,CNC(=O)C(C(=O)NC)=C(C(=O)NC)c1ccccc1
241,C/C(Cl)=C(\C)Cl
242,N#CC(C#N)=C(C#N)c1ccccc1
243,FC(=C(c1ccccc1)c1ccccc1)c1ccccc1
244,BrC(Br)=C(c1ccccc1)c1ccccc1
245,CNC(=O)/C(=C(/C(=O)NC)c1ccccc1)c1ccccc1
246,CNC(=O)C(C(=O)NC)=C(Cl)Cl
247,CNC(=O)/C(Br)=C(/Br)C(=O)NC
248,CNC(=O)C(Br)=C(C(=O)NC)C(=O)NC
249,COC(=O)/C(F)=C(/F)C(=O)OC
250,CNC(=O)/C(C(C)=O)=C(/C(C)=O)C(=O)NC
251,COC(=O)C(C(=O)OC)=C(Br)Br
252,N#CC(O)=C(O)O
253,C=CC(=O)NC
254,C(=C/c1ccccc1)\c1ccccc1
255,CC#CC(=O)OC
256,CC#CCl
257,CC#CC
258,ClC#Cc1ccccc1
259,COC(=O)C#CF
260,OC#CO
261,CC#Cc1ccccc1
262,CC(=O)C#CBr
263,C#CC(=O)OC
264,C#CC(C)=O
265,CC#CC#N
266,CNC(=O)C#CC(=O)NC
267,CNC(=O)C#CC#N
268,COC(=O)C#CCl
269,C#CC(=O)NC
270,OC#CBr
271,COC(=O)C#CBr
272,C#CC
273,C#CO
274,CC#CC(C)=O
275,CC(=O)C#CCl
276,FC(F)(F)C#Cc1ccccc1
277,COC(=O)C#CC(F)(F)F
278,CNC(=O)C#CCl
279,OC#CF
280,COC(=O)C#Cc1ccccc1
281,OC#CCl
282,CC(=O)C#CO
283,CC#CC(F)(F)F
284,CNC(=O)C#CO
285,CNC(=O)C#Cc1ccccc1
286,COC(=O)C#CO
287,CNC(=O)C#CC(=O)OC
288,CC#CBr
289,CC(=O)C#CC#N
290,CC(=O)C#CC(F)(F)F
291,FC#Cc1ccccc1
292,CC#CF
293,COC(=O)C#CC(C)=O
294,CNC(=O)C#CF
295,N#CC#CO
296,C#Cc1ccccc1
297,COC(=O)C#CC(=O)OC
298,CC(=O)C#CF
299,CNC(=O)C#CC(F)(F)F
300,BrC#Cc1ccccc1
301,CC(=O)C#CC(C)=O
302,CNC(=O)C#CC(C)=O
303,OC#CC(F)(F)F
304,CC#CC(=O)NC
305,CC(=O)C#Cc1ccccc1
306,C(#Cc1ccccc1)c1ccccc1
307,CNC(=O)C#CBr
308,N#CC#Cc1ccccc1
309,CC#CO
310,COC(=O)C#CC#N
311,OC#Cc1ccccc1
312,OC1=C(Cl)C2CCC1C2
313,CC(=O)C1=C(O)C2CCC1C2
314,CNC(=O)C1=C(c2ccccc2)C2CCC1C2
315,CC(=O)C1=CC2CCC1C2
316,CNC(=O)C1=C(C)C2CCC1C2
317,CC(=O)C1=C(Br)C2CCC1C2
318,N#CC1=C(O)C2CCC1C2
319,BrC1=C(Br)C2CCC1C2
320,CC1=C(C)C2CCC1C2
321,COC(=O)C1=C(C)C2CCC1C2
322,CC(=O)C1=C(C#N)C2CCC1C2
323,CNC(=O)C1=C(C#N)C2CCC1C2
324,OC1=C(O)C2CCC1C2
325,COC(=O)C1=C(C(F)(F)F)C2CCC1C2
326,BrC1=C(c2ccccc2)C2CCC1C2
327,COC(=O)C1=CC2CCC1C2
328,CC(=O)C1=C(C)C2CCC1C2
329,CC1=C(Cl)C2CCC1C2
330,COC(=O)C1=C(O)C2CCC1C2
331,ClC1=C(Br)C2CCC1C2
332,BrC1=CC2CCC1C2
333,COC(=O)C1=C(c2ccccc2)C2CCC1C2
334,CC(=O)C1=C(C(C)=O)C2CCC1C2
335,FC1=C(Br)C2CCC1C2
336,FC(F)(F)C1=C(C(F)(F)F)C2CCC1C2
337,OC1=CC2CCC1C2
338,FC1=C(C(F)(F)F)C2CCC1C2
339,N#CC1=C(F)C2CCC1C2
340,FC(F)(F)C1=CC2CCC1C2
341,CC1=C(C(F)(F)F)C2CCC1C2
342,CNC(=O)C1=C(Br)C2CCC1C2
343,COC(=O)C1=C(C(=O)OC)C2CCC1C2
344,CC(=O)C1=C(c2ccccc2)C2CCC1C2
345,CNC(=O)C1=C(Cl)C2CCC1C2
346,N#CC1=C(C(F)(F)F)C2CCC1C2
347,CNC(=O)C1=C(O)C2CCC1C2
348,OC1=C(C(F)(F)F)C2CCC1C2
349,COC(=O)C1=C(F)C2CCC1C2
350,N#CC1=C(Cl)C2CCC1C2
351,ClC1=C(Cl)C2CCC1C2
352,FC1=C(Cl)C2CCC1C2
353,OC1=C(Br)C2CCC1C2
354,CNC(=O)C1=CC2CCC1C2
355,N#CC1=C(Br)C2CCC1C2
356,OC1=C(c2ccccc2)C2CCC1C2
357,c1ccc(C2=C(c3ccccc3)C3CCC2C3)cc1
358,C1=C(c2ccccc2)C2CCC1C2
359,N#CC1=CC2CCC1C2
360,FC(F)(F)C1=C(Cl)C2CCC1C2
361,FC1=C(c2ccccc2)C2CCC1C2
362,C1=CC2CCC1C2
363,CC1=C(F)C2CCC1C2
364,FC1=C(F)C2CCC1C2
365,CNC(=O)C1=C(F)C2CCC1C2
366,ClC1=C(c2ccccc2)C2CCC1C2
367,COC(=O)C1=C(Br)C2CCC1C2
368,CC1=C(c2ccccc2)C2CCC1C2
369,COC(=O)C1=C(C(C)=O)C2CCC1C2
370,CC(=O)C1=C(C(F)(F)F)C2CCC1C2
371,N#CC1=C(c2ccccc2)C2CCC1C2
372,CC(=O)C1=C(F)C2CCC1C2
373,CC1=CC2CCC1C2
374,CC(=O)C1=C(Cl)C2CCC1C2
375,COC(=O)C1=C(C#N)C2CCC1C2
376,CNC(=O)C1=C(C(=O)NC)C2CCC1C2
377,CC1=C(O)C2CCC1C2
378,ClC1=CC2CCC1C2
379,COC(=O)C1=C(Cl)C2CCC1C2
380,CNC(=O)C1=C(C(=O)OC)C2CCC1C2
381,CNC(=O)C1=C(C(F)(F)F)C2CCC1C2
382,CNC(=O)C1=C(C(C)=O)C2CCC1C2
383,N#CC1=C(C#N)C2CCC1C2
384,CC1=C(Br)C2CCC1C2
385,FC(F)(F)C1=C(c2ccccc2)C2CCC1C2
386,CC1=C(C#N)C2CCC1C2
387,FC(F)(F)C1=C(Br)C2CCC1C2
388,OC1=C(F)C2CCC1C2
389,FC1=CC2CCC1C2
390,CC1=C(c2ccccc2)C2C=CC1O2
391,CC(=O)C1=C(O)C2C=CC1O2
392,COC(=O)C1=C(F)C2C=CC1O2
393,CNC(=O)C1=C(O)C2C=CC1O2
394,COC(=O)C1=C(C(F)(F)F)C2C=CC1O2
395,CC(=O)C1=C(C#N)C2C=CC1O2
396,CC(=O)C1=C(C(C)=O)C2C=CC1O2
397,CNC(=O)C1=C(C(F)(F)F)C2C=CC1O2
398,N#CC1=C(c2ccccc2)C2C=CC1O2
399,COC(=O)C1=C(C(=O)OC)C2C=CC1O2
400,OC1=C(C(F)(F)F)C2C=CC1O2
401,C1=CC2C=CC1O2
402,BrC1=C(Br)C2C=CC1O2
403,CC1=C(Br)C2C=CC1O2
404,CNC(=O)C1=C(C(=O)NC)C2C=CC1O2
405,COC(=O)C1=C(Br)C2C=CC1O2
406,BrC1=C(c2ccccc2)C2C=CC1O2
407,FC(F)(F)C1=C(Cl)C2C=CC1O2
408,OC1=C(Br)C2C=CC1O2
409,OC1=C(c2ccccc2)C2C=CC1O2
410,CNC(=O)C1=C(Cl)C2C=CC1O2
411,CNC(=O)C1=C(C)C2C=CC1O2
412,N#CC1=C(Cl)C2C=CC1O2
413,FC(F)(F)C1=C(Br)C2C=CC1O2
414,CC(=O)C1=CC2C=CC1O2
415,CC1=C(C#N)C2C=CC1O2
416,C1=CC2OC1C(c1ccccc1)=C2c1ccccc1
417,CC(=O)C1=C(Cl)C2C=CC1O2
418,CC(=O)C1=C(F)C2C=CC1O2
419,FC1=C(c2ccccc2)C2C=CC1O2
420,CC1=C(F)C2C=CC1O2
421,ClC1=C(Br)C2C=CC1O2
422,CC1=C(Cl)C2C=CC1O2
423,COC(=O)C1=C(c2ccccc2)C2C=CC1O2
424,CC(=O)C1=C(c2ccccc2)C2C=CC1O2
425,OC1=C(F)C2C=CC1O2
426,CNC(=O)C1=C(Br)C2C=CC1O2
427,FC1=C(F)C2C=CC1O2
428,CC(=O)C1=C(C)C2C=CC1O2
429,N#CC1=C(O)C2C=CC1O2
430,CNC(=O)C1=C(C#N)C2C=CC1O2
431,COC(=O)C1=CC2C=CC1O2
432,CC(=O)C1=C(C(F)(F)F)C2C=CC1O2
433,FC1=C(Cl)C2C=CC1O2
434,N#CC1=C(C#N)C2C=CC1O2
435,CNC(=O)C1=C(F)C2C=CC1O2
436,CC1=C(C(F)(F)F)C2C=CC1O2
437,COC(=O)C1=C(C#N)C2C=CC1O2
438,COC(=O)C1=C(C(C)=O)C2C=CC1O2
439,OC1=C(Cl)C2C=CC1O2
440,BrC1=CC2C=CC1O2
441,COC(=O)C1=C(O)C2C=CC1O2
442,CC1=C(C)C2C=CC1O2
443,ClC1=CC2C=CC1O2
444,N#CC1=C(C(F)(F)F)C2C=CC1O2
445,N#CC1=CC2C=CC1O2
446,COC(=O)C1=C(C)C2C=CC1O2
447,OC1=CC2C=CC1O2
448,FC1=CC2C=CC1O2
449,CNC(=O)C1=C(C(C)=O)C2C=CC1O2
450,CNC(=O)C1=CC2C=CC1O2
451,FC(F)(F)C1=C(c2ccccc2)C2C=CC1O2
452,COC(=O)C1=C(Cl)C2C=CC1O2
453,FC(F)(F)C1=C(C(F)(F)F)C2C=CC1O2
454,N#CC1=C(Br)C2C=CC1O2
455,FC(F)(F)C1=CC2C=CC1O2
456,ClC1=C(Cl)C2C=CC1O2
457,ClC1=C(c2ccccc2)C2C=CC1O2
458,OC1=C(O)C2C=CC1O2
459,C1=CC2OC1C=C2c1ccccc1
460,CC1=C(O)C2C=CC1O2
461,FC1=C(Br)C2C=CC1O2
462,N#CC1=C(F)C2C=CC1O2
463,FC1=C(C(F)(F)F)C2C=CC1O2
464,CNC(=O)C1=C(C(=O)OC)C2C=CC1O2
465,CNC(=O)C1=C(c2ccccc2)C2C=CC1O2
466,CC(=O)C1=C(Br)C2C=CC1O2
467,CC1=CC2C=CC1O2
468,CC(=O)C1(C(C)=O)C#CC(O)(F)CCCC1
469,CC(=O)C1(Cl)C#CC(F)(F)CCCC1
470,CNC(=O)C1(C(=O)NC)C#CC(O)(c2ccccc2)CCCC1
471,CNC(=O)C1(Br)C#CC(F)(F)CCCC1
472,N#CC1(C#N)C#CC(C#N)(C(F)(F)F)CCCC1
473,CNC(=O)C1(C(=O)NC)C#CC(C#N)CCCC1
474,CNC(=O)C1(C(=O)NC)C#CC(C(F)(F)F)CCCC1
475,FC1C#CC(Br)(Br)CCCC1
476,CNC(=O)C1(C(=O)NC)C#CC(F)(C(F)(F)F)CCCC1
477,FC1(F)C#CC(c2ccccc2)(C(F)(F)F)CCCC1
478,CC(=O)C1(C(C)=O)C#CC(C#N)(c2ccccc2)CCCC1
479,N#CC1(O)C#CC(Br)(Br)CCCC1
480,CC1(C)C#CC(Br)CCCC1
481,COC(=O)C1(C(F)(F)F)C#CCCCCC1
482,CC1(C)C#CC(Cl)(c2ccccc2)CCCC1
483,COC(=O)C1(C(=O)OC)C#CC(C#N)(c2ccccc2)CCCC1
484,CNC(=O)C1(C(=O)NC)C#CC(C)(C(=O)OC)CCCC1
485,CNC(=O)C1(C(=O)OC)C#CC(C)(C)CCCC1
486,CC1(C)C#CC(C)(C)CCCC1
487,CC1(C)C#CC(Cl)(C#N)CCCC1
488,COC(=O)C1(C(=O)OC)C#CC(C#N)(C#N)CCCC1
489,CNC(=O)C1C#CC(c2ccccc2)(c2ccccc2)CCCC1
490,COC(=O)C1(C(F)(F)F)C#CC(C#N)(C#N)CCCC1
491,COC(=O)C1(C(=O)OC)C#CC(C#N)(C(F)(F)F)CCCC1
492,CC1(Br)C#CCCCCC1
493,CC1(C)C#CC(F)(c2ccccc2)CCCC1
494,OC1C#CC(F)(F)CCCC1
495,FC(F)(F)C1(C(F)(F)F)C#CC(Cl)CCCC1
496,CC1(c2ccccc2)C#CCCCCC1
497,CNC(=O)C1(C(=O)OC)C#CC(Cl)(Cl)CCCC1
498,CNC(=O)C1(Cl)C#CC(Cl)(Cl)CCCC1
499,CNC(=O)C1(C(=O)NC)C#CC(C(=O)OC)CCCC1
500,CNC(=O)C1(Br)C#CC(C(C)=O)(C(C)=O)CCCC1
501,CC(=O)C1(c2ccccc2)C#CC(O)(O)CCCC1
502,FC(F)(F)C1(F)C#CC(c2ccccc2)(c2ccccc2)CCCC1
503,COC(=O)C1(c2ccccc2)C#CC(C#N)(C#N)CCCC1
504,CNC(=O)C1(O)C#CC(F)(F)CCCC1
505,CC(=O)C1(F)C#CC(O)(O)CCCC1
506,CC(=O)C1(Br)C#CC(C#N)(C#N)CCCC1
507,CC(=O)C1(Cl)C#CC(C(C)=O)(C(C)=O)CCCC1
508,FC1(Br)C#CCCCCC1
509,CNC(=O)C1(Cl)C#CC(C#N)(C#N)CCCC1
510,CC(=O)C1(F)C#CC(F)(F)CCCC1
511,COC(=O)C1(C(=O)OC)C#CC(C(=O)OC)(C(F)(F)F)CCCC1
512,CC1(C)C#CC(O)(C#N)CCCC1
513,COC(=O)C1(C(C)=O)C#CC(C)(C)CCCC1
514,CC(=O)C1(C)C#CC(Br)(Br)CCCC1
515,COC(=O)C1(C)C#CC(c2ccccc2)(c2ccccc2)CCCC1
516,CNC(=O)C1(Br)C#CC(C(=O)OC)(C(=O)OC)CCCC1
517,CC(=O)C1(C)C#CC(C)(C)CCCC1
518,CNC(=O)C1(C(=O)NC)C#CC(C(C)=O)(C(=O)OC)CCCC1
519,CC(=O)C1(Br)C#CCCCCC1
520,CNC(=O)C1(C(F)(F)F)C#CC(Br)(Br)CCCC1
521,CC1(C)C#CC(Cl)CCCC1
522,COC(=O)C1(F)C#CC(Cl)(Cl)CCCC1
523,N#CC1(O)C#CC(c2ccccc2)(c2ccccc2)CCCC1
524,CNC(=O)C1(c2ccccc2)C#CC(C)(C)CCCC1
525,CNC(=O)C1(C(=O)NC)C#CC(Cl)(c2ccccc2)CCCC1
526,COC(=O)C1(C(=O)OC)C#CC(O)(C(F)(F)F)CCCC1
527,CNC(=O)C1(C)C#CC(c2ccccc2)(c2ccccc2)CCCC1
528,CNC(=O)C1(O)C#CC(Br)(Br)CCCC1
529,FC1C#CC(c2ccccc2)(c2ccccc2)CCCC1
530,CNC(=O)C1(C#N)C#CC(Br)(Br)CCCC1
531,ClC1C#CC(Cl)(Cl)CCCC1
532,COC(=O)C1(C(=O)OC)C#CC(C#N)(C(C)=O)CCCC1
533,N#CC1(Cl)C#CC(Cl)(Cl)CCCC1
534,CNC(=O)C1(Cl)C#CC(C(=O)OC)(C(=O)OC)CCCC1
535,CNC(=O)C1(C)C#CC(O)(O)CCCC1
536,BrC1(c2ccccc2)C#CCCCCC1
537,FC1(Cl)C#CC(c2ccccc2)(c2ccccc2)CCCC1
538,COC(=O)C1(Br)C#CC(O)(O)CCCC1
539,CC(=O)C1(C(C)=O)C#CC(C(C)=O)(c2ccccc2)CCCC1
540,COC(=O)C1(C(=O)OC)C#CC(F)(C(F)(F)F)CCCC1
541,OC1(Br)C#CCCCCC1
542,CC1(C)C#CC(Br)(c2ccccc2)CCCC1
543,COC(=O)C1(C(C)=O)C#CC(Cl)(Cl)CCCC1
544,COC(=O)C1(C(=O)OC)C#CC(C)(C#N)CCCC1
545,FC1(Br)C#CC(c2ccccc2)(c2ccccc2)CCCC1
546,COC(=O)C1(C#N)C#CC(O)(O)CCCC1
547,CNC(=O)C1(C#N)C#CC(C)(C)CCCC1
548,CC(=O)C1(C(F)(F)F)C#CC(C#N)(C#N)CCCC1
549,CNC(=O)C1(C)C#CC(C#N)(C#N)CCCC1
550,CNC(=O)C1(C(=O)NC)C#CC(C#N)(C(C)=O)CCCC1
551,ClC1(c2ccccc2)C#CCCCCC1
552,FC1(Cl)C#CC(Cl)(Cl)CCCC1
553,CC1(O)C#CC(Cl)(Cl)CCCC1
554,COC(=O)C1(c2ccccc2)C#CC(F)(F)CCCC1
555,CC(=O)C1(C(C)=O)C#CC(Br)CCCC1
556,CC1(C)C#CC(Cl)(C(F)(F)F)CCCC1
557,CNC(=O)C1(C(=O)NC)C#CC(Cl)(Cl)CCCC1
558,CNC(=O)C1(Br)C#CCCCCC1
559,COC(=O)C1(C#N)C#CC(C(=O)OC)(C(=O)OC)CCCC1
560,COC(=O)C1(C(=O)OC)C#CC(Cl)(C#N)CCCC1
561,OC1(O)C#CC(Br)(C(F)(F)F)CCCC1
562,COC(=O)C1(O)C#CC(O)(O)CCCC1
563,OC1(O)C#CC(Br)CCCC1
564,CNC(=O)C1(C)C#CC(C(=O)NC)(C(=O)NC)CCCC1
565,COC(=O)C1(C(C)=O)C#CCCCCC1
566,OC1(Br)C#CC(F)(F)CCCC1
567,N#CC1(Cl)C#CC(O)(O)CCCC1
568,CNC(=O)C1(C(C)=O)C#CC(C)(C)CCCC1
569,CC1(F)C#CC(Cl)(Cl)CCCC1
570,CC1(C)C#CC(Cl)(Cl)CCCC1
571,COC(=O)C1(Br)C#CCCCCC1
572,OC1(O)C#CC(O)(F)CCCC1
573,CNC(=O)C1(C(=O)NC)C#CC(C)(C(F)(F)F)CCCC1
574,CC1(C)C#CC(C)(c2ccccc2)CCCC1
575,FC(F)(F)C1C#CC(c2ccccc2)(c2ccccc2)CCCC1
576,COC(=O)C1(C(=O)OC)C#CC(F)CCCC1
577,CNC(=O)C1(Cl)C#CC(Br)(Br)CCCC1
578,CNC(=O)C1(C(F)(F)F)C#CC(C(C)=O)(C(C)=O)CCCC1
579,CC1(Br)C#CC(C#N)(C#N)CCCC1
580,CC(=O)C1(C)C#CC(c2ccccc2)(c2ccccc2)CCCC1
581,FC1(Cl)C#CCCCCC1
582,FC1(F)C#CC(F)(F)CCCC1
583,OC1(Cl)C#CC(c2ccccc2)(c2ccccc2)CCCC1
584,N#CC1(O)C#CC(O)(O)CCCC1
585,COC(=O)C1(C(C)=O)C#CC(C(=O)OC)(C(=O)OC)CCCC1
586,CNC(=O)C1(C(=O)NC)C#CC(F)(Br)CCCC1
587,N#CC1(F)C#CC(C(F)(F)F)(C(F)(F)F)CCCC1
588,OC1(O)C#CC(O)(c2ccccc2)CCCC1
589,FC1(F)C#CC(C(F)(F)F)CCCC1
590,N#CC1(C#N)C#CC(Cl)(Cl)CCCC1
591,CNC(=O)C1(C)C#CC(Br)(Br)CCCC1
592,N#CC1(C#N)C#CC(C(F)(F)F)CCCC1
593,BrC1(Br)C#CC(c2ccccc2)(c2ccccc2)CCCC1
594,CNC(=O)C1C#CC(O)(O)CCCC1
595,CNC(=O)C1(C(=O)NC)C#CC(C(=O)OC)(C(F)(F)F)CCCC1
596,COC(=O)C1(C(=O)OC)C#CC(c2ccccc2)(c2ccccc2)CCCC1
597,CC(=O)C1(C(C)=O)C#CC(Br)(C#N)CCCC1
598,CC(=O)C1(Br)C#CC(C(C)=O)(C(C)=O)CCCC1
599,OC1(O)C#CC(F)(C(F)(F)F)CCCC1
600,CC1(O)C#CC(c2ccccc2)(c2ccccc2)CCCC1
601,N#CC1(F)C#CC(O)(O)CCCC1
602,CC1(Br)C#CC(O)(O)CCCC1
603,N#CC1(F)C#CC(c2ccccc2)(c2ccccc2)CCCC1
604,OC1(F)C#CC(C(F)(F)F)(C(F)(F)F)CCCC1
605,CNC(=O)C1(C(C)=O)C#CC(C(C)=O)(C(C)=O)CCCC1
606,CC1(C#N)C#CC(Cl)(Cl)CCCC1
607,COC(=O)C1(C(C)=O)C#CC(O)(O)CCCC1
608,N#CC1(c2ccccc2)C#CC(c2ccccc2)(c2ccccc2)CCCC1
609,CC(=O)C1(C(C)=O)C#CC(Cl)CCCC1
610,CC1(C)C#CC(O)(Cl)CCCC1
611,COC(=O)C1C#CC(C#N)(C#N)CCCC1
612,FC(F)(F)C1(Cl)C#CCCCCC1
613,CC1C#CC(O)(O)CCCC1
614,FC(F)(F)C1(c2ccccc2)C#CCCCCC1
615,BrC1(Br)C#CC(Br)(c2ccccc2)CCCC1
616,BrC1C#CC(Br)(Br)CCCC1
617,CNC(=O)C1(Br)C#CC(O)(O)CCCC1
618,COC(=O)C1(Br)C#CC(Cl)(Cl)CCCC1
619,CNC(=O)C1(Br)C#CC(C(=O)NC)(C(=O)NC)CCCC1
620,N#CC1(C#N)C#CC(C#N)(C#N)CCCC1
621,OC1(O)C#CC(Cl)(Cl)CCCC1
622,CC(=O)C1(c2ccccc2)C#CC(c2ccccc2)(c2ccccc2)CCCC1
623,OC1(Cl)C#CC(C(F)(F)F)(C(F)(F)F)CCCC1
624,CC1(C#N)C#CC(Br)(Br)CCCC1
625,CNC(=O)C1(Br)C#CC(C(F)(F)F)(C(F)(F)F)CCCC1
626,C1#CCCCCCC1
627,CC(=O)C1(O)C#CC(C#N)(C#N)CCCC1
628,FC1(F)C#CC(Br)(C(F)(F)F)CCCC1
629,CC(=O)C1(Br)C#CC(c2ccccc2)(c2ccccc2)CCCC1
630,N#CC1(O)C#CC(F)(F)CCCC1
631,OC1(O)C#CC(F)(Cl)CCCC1
632,COC(=O)C1(C(F)(F)F)C#CC(c2ccccc2)(c2ccccc2)CCCC1
633,CC1(C)C#CC(F)CCCC1
634,FC1(F)C#CC(Cl)(Br)CCCC1
635,CC(=O)C1(Cl)C#CCCCCC1
636,CC1(C)C#CC(F)(Br)CCCC1
637,N#CC1(C#N)C#CC(Cl)(Br)CCCC1
638,CC1(C)C#CC(C(F)(F)F)CCCC1
639,COC(=O)C1(Cl)C#CC(C(=O)OC)(C(=O)OC)CCCC1
640,CNC(=O)C1(C(=O)NC)C#CC(O)(C(C)=O)CCCC1
641,N#CC1(C(F)(F)F)C#CC(Cl)(Cl)CCCC1
642,C1#CC(c2ccccc2)(c2ccccc2)CCCCC1c1ccccc1
643,OC1(F)C#CC(Cl)(Cl)CCCC1
644,COC(=O)C1(c2ccccc2)C#CC(C)(C)CCCC1
645,CNC(=O)C1(C(C)=O)C#CCCCCC1
646,ClC1(Br)C#CC(Br)(Br)CCCC1
647,OC1(c2ccccc2)C#CC(C(F)(F)F)(C(F)(F)F)CCCC1
648,N#CC1(Br)C#CC(F)(F)CCCC1
649,CNC(=O)C1(C(=O)NC)C#CC(C(=O)NC)(C(F)(F)F)CCCC1
650,COC(=O)C1(C(=O)OC)C#CC(Cl)(Br)CCCC1
651,ClC1(Br)C#CC(c2ccccc2)(c2ccccc2)CCCC1
652,COC(=O)C1(C(=O)OC)C#CC(O)(C#N)CCCC1
653,CC(=O)C1(c2ccccc2)C#CC(F)(F)CCCC1
654,COC(=O)C1(O)C#CC(c2ccccc2)(c2ccccc2)CCCC1
655,OC1(C(F)(F)F)C#CC(c2ccccc2)(c2ccccc2)CCCC1
656,CC(=O)C1(C(C)=O)C#CC(Cl)(C#N)CCCC1
657,CC(=O)C1(C#N)C#CC(C(C)=O)(C(C)=O)CCCC1
658,CC1(O)C#CC(O)(O)CCCC1
659,COC(=O)C1(c2ccccc2)C#CC(Br)(Br)CCCC1
660,OC1(F)C#CC(c2ccccc2)(c2ccccc2)CCCC1
661,COC(=O)C1(C(=O)OC)C#CC(C(C)=O)CCCC1
662,CNC(=O)C1(C(=O)NC)C#CC(C)CCCC1
663,COC(=O)C1(C(=O)OC)C#CC(Br)(C(F)(F)F)CCCC1
664,ClC1(Br)C#CCCCCC1
665,CC(=O)C1(C)C#CC(C#N)(C#N)CCCC1
666,FC1C#CC(C(F)(F)F)(C(F)(F)F)CCCC1
667,N#CC1(C(F)(F)F)C#CC(Br)(Br)CCCC1
668,FC(F)(F)C1(C(F)(F)F)C#CC(Br)(Br)CCCC1
669,N#CC1(C#N)C#CC(C#N)(c2ccccc2)CCCC1
670,CC(=O)C1(Br)C#CC(O)(O)CCCC1
671,COC(=O)C1(C(=O)OC)C#CC(C#N)CCCC1
672,CC(=O)C1(C#N)C#CC(O)(O)CCCC1
673,COC(=O)C1(C(=O)OC)C#CC(C)(C(F)(F)F)CCCC1
674,CNC(=O)C1(C(F)(F)F)C#CC(C#N)(C#N)CCCC1
675,OC1(c2ccccc2)C#CCCCCC1
676,CNC(=O)C1(C(=O)NC)C#CC(O)(Br)CCCC1
677,CC(=O)C1(C(F)(F)F)C#CC(c2ccccc2)(c2ccccc2)CCCC1
678,COC(=O)C1(Cl)C#CC(Cl)(Cl)CCCC1
679,COC(=O)C1(O)C#CC(Cl)(Cl)CCCC1
680,CC1(C)C#CC(c2ccccc2)(c2ccccc2)CCCC1
681,CC1(Cl)C#CC(Br)(Br)CCCC1
682,CC(=O)C1(C(C)=O)C#CC(O)CCCC1
683,N#CC1(F)C#CC(Cl)(Cl)CCCC1
684,CC(=O)C1C#CC(F)(F)CCCC1
685,N#CC1(O)C#CC(C#N)(C#N)CCCC1
686,COC(=O)C1(C(=O)OC)C#CC(Cl)(C(C)=O)CCCC1
687,CNC(=O)C1(C(C)=O)C#CC(O)(O)CCCC1
688,COC(=O)C1(C(=O)OC)C#CC(Br)(c2ccccc2)CCCC1
689,CNC(=O)C1(C(=O)NC)C#CC(F)(F)CCCC1
690,FC(F)(F)C1(F)C#CC(Br)(Br)CCCC1
691,CC(=O)C1(F)C#CC(C(C)=O)(C(C)=O)CCCC1
692,OC1(c2ccccc2)C#CC(Br)(Br)CCCC1
693,N#CC1(Cl)C#CC(C#N)(C#N)CCCC1
694,CNC(=O)C1(C#N)C#CC(C#N)(C#N)CCCC1
695,CC1(C)C#CC(C)(Cl)CCCC1
696,CNC(=O)C1C#CC(Cl)(Cl)CCCC1
697,COC(=O)C1(C(=O)OC)C#CC(O)(Cl)CCCC1
698,CC1(c2ccccc2)C#CC(c2ccccc2)(c2ccccc2)CCCC1
699,CNC(=O)C1(C(=O)NC)C#CC(Cl)(C(=O)OC)CCCC1
700,COC(=O)C1(C(=O)OC)C#CC(F)(c2ccccc2)CCCC1
701,CC(=O)C1(C)C#CC(O)(O)CCCC1
702,CC(=O)C1(C(C)=O)C#CC(c2ccccc2)(c2ccccc2)CCCC1
703,CNC(=O)C1(C(=O)NC)C#CC(C(=O)NC)(C(=O)NC)CCCC1
704,CNC(=O)C1(C(=O)OC)C#CC(F)(F)CCCC1
705,CC(=O)C1C#CC(Br)(Br)CCCC1
706,CNC(=O)C1(c2ccccc2)C#CC(C#N)(C#N)CCCC1
707,FC(F)(F)C1(Cl)C#CC(c2ccccc2)(c2ccccc2)CCCC1
708,CNC(=O)C1(F)C#CC(C(F)(F)F)(C(F)(F)F)CCCC1
709,CNC(=O)C1(C(=O)OC)C#CC(C#N)(C#N)CCCC1
710,CC(=O)C1(F)C#CC(C(F)(F)F)(C(F)(F)F)CCCC1
711,N#CC1(C#N)C#CC(c2ccccc2)(C(F)(F)F)CCCC1
712,N#CC1(C#N)C#CC(O)(c2ccccc2)CCCC1
713,COC(=O)C1(C(=O)OC)C#CC(C(F)(F)F)CCCC1
714,CC1C#CC(C(F)(F)F)(C(F)(F)F)CCCC1
715,CC(=O)C1(C(C)=O)C#CC(C)(c2ccccc2)CCCC1
716,ClC1(Cl)C#CC(c2ccccc2)CCCC1
717,CC(=O)C1C#CC(C#N)(C#N)CCCC1
718,CC(=O)C1(C(C)=O)C#CC(F)(C#N)CCCC1
719,FC1(F)C#CC(F)(Br)CCCC1
720,CC(=O)C1(O)C#CC(C(F)(F)F)(C(F)(F)F)CCCC1
721,CNC(=O)C1(C(=O)NC)C#CC(C(=O)NC)(c2ccccc2)CCCC1
722,OC1C#CC(c2ccccc2)(c2ccccc2)CCCC1
723,COC(=O)C1(O)C#CC(C(C)=O)(C(C)=O)CCCC1
724,CC(=O)C1C#CC(C)(C)CCCC1
725,CC(=O)C1(C(C)=O)C#CC(C)CCCC1
726,BrC1(Br)C#CCCCCC1
727,FC(F)(F)C1(C(F)(F)F)C#CC(Cl)(Cl)CCCC1
728,OC1(C(F)(F)F)C#CC(Br)(Br)CCCC1
729,FC(F)(F)C1C#CCCCCC1
730,CNC(=O)C1(C(=O)NC)C#CC(Br)(Br)CCCC1
731,CC(=O)C1(C(C)=O)C#CC(F)CCCC1
732,FC(F)(F)C1(C(F)(F)F)C#CC(Cl)(Br)CCCC1
733,COC(=O)C1(C(=O)OC)C#CCCCCC1
734,COC(=O)C1(c2ccccc2)C#CCCCCC1
735,CNC(=O)C1C#CC(C#N)(C#N)CCCC1
736,COC(=O)C1(O)C#CCCCCC1
737,COC(=O)C1(C)C#CC(C(C)=O)(C(C)=O)CCCC1
738,CNC(=O)C1(C(C)=O)C#CC(F)(F)CCCC1
739,CNC(=O)C1(C(F)(F)F)C#CC(Cl)(Cl)CCCC1
740,N#CC1C#CC(O)(O)CCCC1
741,COC(=O)C1(Br)C#CC(C)(C)CCCC1
742,CC(=O)C1(F)C#CC(c2ccccc2)(c2ccccc2)CCCC1
743,COC(=O)C1(C#N)C#CC(F)(F)CCCC1
744,CNC(=O)C1(C(=O)NC)C#CC(C(=O)NC)(C(=O)OC)CCCC1
745,COC(=O)C1(O)C#CC(C)(C)CCCC1
746,COC(=O)C1(Cl)C#CC(C#N)(C#N)CCCC1
747,FC(F)(F)C1(F)C#CC(Cl)(Cl)CCCC1
748,CC(=O)C1(C(C)=O)C#CC(O)(Br)CCCC1
749,COC(=O)C1C#CC(C)(C)CCCC1
750,CC(=O)C1(F)C#CC(Cl)(Cl)CCCC1
751,CC(=O)C1(F)C#CC(C)(C)CCCC1
752,CC(=O)C1(O)C#CC(Cl)(Cl)CCCC1
753,CC1(c2ccccc2)C#CC(C(F)(F)F)(C(F)(F)F)CCCC1
754,CC1(C)C#CC(C#N)CCCC1
755,COC(=O)C1(C(=O)OC)C#CC(C(C)=O)(C(C)=O)CCCC1
756,BrC1(Br)C#CC(Br)(Br)CCCC1
757,CNC(=O)C1(C(C)=O)C#CC(Cl)(Cl)CCCC1
758,CC(=O)C1(C(C)=O)C#CC(C)(O)CCCC1
759,COC(=O)C1(C(=O)OC)C#CC(c2ccccc2)CCCC1
760,CNC(=O)C1(C(=O)OC)C#CC(C(C)=O)(C(C)=O)CCCC1
761,CC1(F)C#CC(Br)(Br)CCCC1
762,CNC(=O)C1(Br)C#CC(C)(C)CCCC1
763,CNC(=O)C1(C)C#CCCCCC1
764,N#CC1(Br)C#CC(c2ccccc2)(c2ccccc2)CCCC1
765,CC1C#CC(c2ccccc2)(c2ccccc2)CCCC1
766,CNC(=O)C1(C(=O)NC)C#CC(C)(F)CCCC1
767,CC1(O)C#CCCCCC1
768,OC1(c2ccccc2)C#CC(F)(F)CCCC1
769,FC(F)(F)C1(C(F)(F)F)C#CC(Br)CCCC1
770,COC(=O)C1(C#N)C#CC(C(F)(F)F)(C(F)(F)F)CCCC1
771,COC(=O)C1(F)C#CC(C(C)=O)(C(C)=O)CCCC1
772,CC(=O)C1(C(C)=O)C#CC(Cl)(Cl)CCCC1
773,CNC(=O)C1(C(=O)NC)C#CC(C(C)=O)(c2ccccc2)CCCC1
774,COC(=O)C1(C(=O)OC)C#CC(c2ccccc2)(C(F)(F)F)CCCC1
775,COC(=O)C1(Br)C#CC(C(=O)OC)(C(=O)OC)CCCC1
776,CNC(=O)C1(C(F)(F)F)C#CC(c2ccccc2)(c2ccccc2)CCCC1
777,OC1(Cl)C#CC(F)(F)CCCC1
778,CC(=O)C1(C(C)=O)C#CC(O)(Cl)CCCC1
779,COC(=O)C1(C(C)=O)C#CC(C(F)(F)F)(C(F)(F)F)CCCC1
780,CC(=O)C1(C(C)=O)C#CC(F)(Br)CCCC1
781,FC(F)(F)C1(C(F)(F)F)C#CC(Cl)(c2ccccc2)CCCC1
782,OC1(O)C#CC(Cl)CCCC1
783,CNC(=O)C1(C(=O)NC)C#CC(C)(O)CCCC1
784,CNC(=O)C1(C(=O)NC)C#CC(O)(F)CCCC1
785,CC(=O)C1(O)C#CC(Br)(Br)CCCC1
786,COC(=O)C1(Br)C#CC(F)(F)CCCC1
787,N#CC1(C#N)C#CC(c2ccccc2)(c2ccccc2)CCCC1
788,OC1(O)C#CC(Cl)(Br)CCCC1
789,OC1(O)C#CC(F)(c2ccccc2)CCCC1
790,CC1(C)C#CC(c2ccccc2)CCCC1
791,CC1(Br)C#CC(c2ccccc2)(c2ccccc2)CCCC1
792,CC(=O)C1(Br)C#CC(C)(C)CCCC1
793,COC(=O)C1(O)C#CC(Br)(Br)CCCC1
794,CNC(=O)C1(Br)C#CC(c2ccccc2)(c2ccccc2)CCCC1
795,CC1(Cl)C#CC(C#N)(C#N)CCCC1
796,CNC(=O)C1(C(=O)OC)C#CC(O)(O)CCCC1
797,CC(=O)C1(c2ccccc2)C#CC(Br)(Br)CCCC1
798,FC1(F)C#CC(Cl)CCCC1
799,CC(=O)C1(C)C#CC(C(C)=O)(C(C)=O)CCCC1
800,CNC(=O)C1(F)C#CC(C)(C)CCCC1
801,CC(=O)C1(C(C)=O)C#CC(C)(Cl)CCCC1
802,COC(=O)C1(C)C#CC(C(=O)OC)(C(=O)OC)CCCC1
803,CC(=O)C1(Cl)C#CC(C)(C)CCCC1
804,COC(=O)C1(C(=O)OC)C#CC(Cl)CCCC1
805,CC1(c2ccccc2)C#CC(O)(O)CCCC1
806,OC1(O)C#CC(Cl)(c2ccccc2)CCCC1
807,N#CC1(F)C#CCCCCC1
808,CNC(=O)C1(O)C#CC(C(=O)OC)(C(=O)OC)CCCC1
809,CC(=O)C1(C#N)C#CC(C(F)(F)F)(C(F)(F)F)CCCC1
810,CNC(=O)C1(C(=O)NC)C#CC(F)(C(C)=O)CCCC1
811,CNC(=O)C1(Br)C#CC(Br)(Br)CCCC1
812,COC(=O)C1(Cl)C#CC(O)(O)CCCC1
813,N#CC1(Br)C#CC(Br)(Br)CCCC1
814,FC(F)(F)C1(Br)C#CC(c2ccccc2)(c2ccccc2)CCCC1
815,N#CC1(Cl)C#CC(c2ccccc2)(c2ccccc2)CCCC1
816,CNC(=O)C1(C(=O)NC)C#CC(F)CCCC1
817,CNC(=O)C1(C(=O)NC)C#CC(C)(C(C)=O)CCCC1
818,CC(=O)C1(c2ccccc2)C#CC(Cl)(Cl)CCCC1
819,CC(=O)C1C#CC(O)(O)CCCC1
820,CC(=O)C1(C(C)=O)C#CC(C)(F)CCCC1
821,FC1(c2ccccc2)C#CC(Cl)(Cl)CCCC1
822,COC(=O)C1C#CCCCCC1
823,CNC(=O)C1(C#N)C#CC(C(=O)NC)(C(=O)NC)CCCC1
824,CC(=O)C1(C(F)(F)F)C#CC(Br)(Br)CCCC1
825,CNC(=O)C1(Cl)C#CC(C(C)=O)(C(C)=O)CCCC1
826,CC1(C#N)C#CC(F)(F)CCCC1
827,CNC(=O)C1(C(=O)OC)C#CC(Br)(Br)CCCC1
828,CNC(=O)C1(c2ccccc2)C#CC(C(=O)OC)(C(=O)OC)CCCC1
829,OC1(c2ccccc2)C#CC(c2ccccc2)(c2ccccc2)CCCC1
830,COC(=O)C1(C)C#CC(C#N)(C#N)CCCC1
831,OC1(O)C#CC(O)(O)CCCC1
832,C1#CC(c2ccccc2)(c2ccccc2)CCCCC1
833,COC(=O)C1(C(=O)OC)C#CC(C)(F)CCCC1
834,N#CC1(O)C#CC(Cl)(Cl)CCCC1
835,N#CC1(C#N)C#CC(Cl)CCCC1
836,CC1(O)C#CC(C#N)(C#N)CCCC1
837,N#CC1(C#N)C#CC(F)(c2ccccc2)CCCC1
838,FC(F)(F)C1(Br)C#CCCCCC1
839,COC(=O)C1(O)C#CC(F)(F)CCCC1
840,OC1(C(F)(F)F)C#CC(F)(F)CCCC1
841,CC1(C)C#CC(Cl)(Br)CCCC1
842,FC(F)(F)C1(Br)C#CC(C(F)(F)F)(C(F)(F)F)CCCC1
843,CC(=O)C1(F)C#CC(Br)(Br)CCCC1
844,FC1(F)C#CC(Br)CCCC1
845,N#CC1(C#N)C#CC(O)(F)CCCC1
846,COC(=O)C1(Cl)C#CCCCCC1
847,FC1(F)C#CC(Cl)(c2ccccc2)CCCC1
848,N#CC1(C#N)C#CCCCCC1
849,CNC(=O)C1(C(=O)NC)C#CC(O)(O)CCCC1
850,N#CC1(Br)C#CC(O)(O)CCCC1
851,CNC(=O)C1(C(=O)NC)C#CC(Br)(C(=O)OC)CCCC1
852,N#CC1C#CCCCCC1
853,COC(=O)C1(C(F)(F)F)C#CC(O)(O)CCCC1
854,CC(=O)C1(O)C#CC(c2ccccc2)(c2ccccc2)CCCC1
855,ClC1(Cl)C#CC(Cl)(Br)CCCC1
856,COC(=O)C1C#CC(c2ccccc2)(c2ccccc2)CCCC1
857,FC(F)(F)C1(Cl)C#CC(Cl)(Cl)CCCC1
858,CNC(=O)C1(C(C)=O)C#CC(C(F)(F)F)(C(F)(F)F)CCCC1
859,CNC(=O)C1(C(=O)NC)C#CC(Cl)(C(C)=O)CCCC1
860,N#CC1C#CC(C#N)(C#N)CCCC1
861,CC(=O)C1(C)C#CC(F)(F)CCCC1
862,FC(F)(F)C1(c2ccccc2)C#CC(C(F)(F)F)(C(F)(F)F)CCCC1
863,CNC(=O)C1(C(=O)NC)C#CC(C(=O)OC)(C(=O)OC)CCCC1
864,COC(=O)C1(C(=O)OC)C#CC(F)(F)CCCC1
865,CC(=O)C1(C#N)C#CC(C#N)(C#N)CCCC1
866,OC1(O)C#CCCCCC1
867,COC(=O)C1(C(=O)OC)C#CC(Cl)(c2ccccc2)CCCC1
868,OC1(O)C#CC(C(F)(F)F)CCCC1
869,CC1(C)C#CC(F)(C(F)(F)F)CCCC1
870,FC1(c2ccccc2)C#CCCCCC1
871,CC(=O)C1(C(C)=O)C#CC(F)(c2ccccc2)CCCC1
872,CNC(=O)C1(Cl)C#CC(C(=O)NC)(C(=O)NC)CCCC1
873,CNC(=O)C1(C(=O)NC)C#CC(C#N)(C(F)(F)F)CCCC1
874,CC1(C)C#CC(C#N)(C#N)CCCC1
875,CNC(=O)C1(C(=O)NC)C#CC(F)(c2ccccc2)CCCC1
876,COC(=O)C1(C(F)(F)F)C#CC(C)(C)CCCC1
877,COC(=O)C1(O)C#CC(C(F)(F)F)(C(F)(F)F)CCCC1
878,CNC(=O)C1(C(C)=O)C#CC(C(=O)NC)(C(=O)NC)CCCC1
879,COC(=O)C1(C(C)=O)C#CC(Br)(Br)CCCC1
880,COC(=O)C1(C#N)C#CC(c2ccccc2)(c2ccccc2)CCCC1
881,COC(=O)C1(C)C#CC(F)(F)CCCC1
882,COC(=O)C1(C(F)(F)F)C#CC(C(F)(F)F)(C(F)(F)F)CCCC1
883,N#CC1(C(F)(F)F)C#CC(C(F)(F)F)(C(F)(F)F)CCCC1
884,N#CC1(c2ccccc2)C#CC(C(F)(F)F)(C(F)(F)F)CCCC1
885,CNC(=O)C1(C(=O)NC)C#CC(F)(C(=O)OC)CCCC1
886,N#CC1(C#N)C#CC(c2ccccc2)CCCC1
887,OC1(O)C#CC(c2ccccc2)CCCC1
888,COC(=O)C1(C(=O)OC)C#CC(C(F)(F)F)(C(F)(F)F)CCCC1
889,COC(=O)C1(F)C#CC(O)(O)CCCC1
890,FC(F)(F)C1(Br)C#CC(Br)(Br)CCCC1
891,CNC(=O)C1(C(=O)NC)C#CC(Cl)(C#N)CCCC1
892,OC1(O)C#CC(F)(Br)CCCC1
893,CNC(=O)C1C#CC(C(C)=O)(C(C)=O)CCCC1
894,CC1(C)C#CC(O)(c2ccccc2)CCCC1
895,CNC(=O)C1(C(F)(F)F)C#CCCCCC1
896,FC(F)(F)C1(C(F)(F)F)C#CC(c2ccccc2)(c2ccccc2)CCCC1
897,COC(=O)C1(Cl)C#CC(Br)(Br)CCCC1
898,CNC(=O)C1(C(=O)NC)C#CC(C(C)=O)(C(C)=O)CCCC1
899,CC1(C#N)C#CC(c2ccccc2)(c2ccccc2)CCCC1
900,OC1(O)C#CC(O)(Br)CCCC1
901,COC(=O)C1(F)C#CCCCCC1
902,CNC(=O)C1(C)C#CC(F)(F)CCCC1
903,N#CC1(C#N)C#CC(O)(O)CCCC1
904,CC(=O)C1(O)C#CC(C(C)=O)(C(C)=O)CCCC1
905,COC(=O)C1(C(=O)OC)C#CC(O)(F)CCCC1
906,CNC(=O)C1(c2ccccc2)C#CC(C(C)=O)(C(C)=O)CCCC1
907,CC(=O)C1(c2ccccc2)C#CC(C)(C)CCCC1
908,CC(=O)C1(F)C#CC(C#N)(C#N)CCCC1
909,N#CC1(C#N)C#CC(O)CCCC1
910,CNC(=O)C1C#CC(F)(F)CCCC1
911,COC(=O)C1(F)C#CC(C(=O)OC)(C(=O)OC)CCCC1
912,CC1(Br)C#CC(Br)(Br)CCCC1
913,COC(=O)C1C#CC(F)(F)CCCC1
914,N#CC1(C#N)C#CC(F)(C(F)(F)F)CCCC1
915,CC1(F)C#CC(c2ccccc2)(c2ccccc2)CCCC1
916,COC(=O)C1(c2ccccc2)C#CC(C(F)(F)F)(C(F)(F)F)CCCC1
917,CNC(=O)C1(C(=O)NC)C#CC(C(F)(F)F)(C(F)(F)F)CCCC1
918,COC(=O)C1(C(C)=O)C#CC(F)(F)CCCC1
919,CC1C#CC(C#N)(C#N)CCCC1
920,CC1(C)C#CC(F)(F)CCCC1
921,CNC(=O)C1(C(=O)NC)C#CC(C)(C#N)CCCC1
922,CC1(C)C#CC(C#N)(C(F)(F)F)CCCC1
923,FC1(F)C#CC(F)(Cl)CCCC1
924,CNC(=O)C1(C#N)C#CC(F)(F)CCCC1
925,N#CC1(c2ccccc2)C#CCCCCC1
926,CC(=O)C1(C(C)=O)C#CC(Br)(c2ccccc2)CCCC1
927,COC(=O)C1(C(=O)OC)C#CC(C)(c2ccccc2)CCCC1
928,COC(=O)C1(C(=O)OC)C#CC(F)(C#N)CCCC1
929,FC1(F)C#CC(F)(C(F)(F)F)CCCC1
930,COC(=O)C1(Cl)C#CC(c2ccccc2)(c2ccccc2)CCCC1
931,CNC(=O)C1(C(=O)NC)C#CC(C)(C)CCCC1
932,OC1(Cl)C#CC(Br)(Br)CCCC1
933,FC1(c2ccccc2)C#CC(C(F)(F)F)(C(F)(F)F)CCCC1
934,CC(=O)C1(Cl)C#CC(c2ccccc2)(c2ccccc2)CCCC1
935,CNC(=O)C1(C(=O)NC)C#CC(Cl)(C(F)(F)F)CCCC1
936,N#CC1C#CC(Cl)(Cl)CCCC1
937,CNC(=O)C1(Cl)C#CC(C)(C)CCCC1
938,CC(=O)C1(C#N)C#CC(C)(C)CCCC1
939,N#CC1(c2ccccc2)C#CC(O)(O)CCCC1
940,COC(=O)C1(C(F)(F)F)C#CC(Cl)(Cl)CCCC1
941,N#CC1(Br)C#CCCCCC1
942,CC(=O)C1(C(C)=O)C#CC(F)(C(F)(F)F)CCCC1
943,OC1C#CCCCCC1
944,CNC(=O)C1C#CC(Br)(Br)CCCC1
945,ClC1(Cl)C#CCCCCC1
946,N#CC1C#CC(C(F)(F)F)(C(F)(F)F)CCCC1
947,CNC(=O)C1(C(C)=O)C#CC(C(=O)OC)(C(=O)OC)CCCC1
948,N#CC1(C(F)(F)F)C#CC(c2ccccc2)(c2ccccc2)CCCC1
949,N#CC1(c2ccccc2)C#CC(Cl)(Cl)CCCC1
950,CC(=O)C1(Cl)C#CC(O)(O)CCCC1
951,CC(=O)C1(C(C)=O)C#CC(Cl)(Br)CCCC1
952,COC(=O)C1(C(=O)OC)C#CC(O)(Br)CCCC1
953,COC(=O)C1C#CC(C(=O)OC)(C(=O)OC)CCCC1
954,CC(=O)C1(C(C)=O)C#CC(O)(c2ccccc2)CCCC1
955,CC(=O)C1(C(C)=O)C#CC(C(C)=O)(C(C)=O)CCCC1
956,OC1(O)C#CC(F)(F)CCCC1
957,COC(=O)C1(C)C#CC(Cl)(Cl)CCCC1
958,COC(=O)C1(Br)C#CC(C(F)(F)F)(C(F)(F)F)CCCC1
959,CC(=O)C1(O)C#CC(C)(C)CCCC1
960,COC(=O)C1(C(=O)OC)C#CC(Br)(C#N)CCCC1
961,CNC(=O)C1(Br)C#CC(Cl)(Cl)CCCC1
962,CC(=O)C1(Br)C#CC(Cl)(Cl)CCCC1
963,CC1(Cl)C#CC(F)(F)CCCC1
964,FC1(c2ccccc2)C#CC(c2ccccc2)(c2ccccc2)CCCC1
965,CC1(C#N)C#CC(C(F)(F)F)(C(F)(F)F)CCCC1
966,CNC(=O)C1(C(=O)NC)C#CC(F)(C#N)CCCC1
967,COC(=O)C1(Cl)C#CC(C(C)=O)(C(C)=O)CCCC1
968,CC(=O)C1(C(C)=O)C#CC(C(F)(F)F)CCCC1
969,CC1(C)C#CC(C)(C(F)(F)F)CCCC1
970,FC1(F)C#CC(Cl)(C(F)(F)F)CCCC1
971,CNC(=O)C1(C#N)C#CC(C(=O)OC)(C(=O)OC)CCCC1
972,CC(=O)C1(Br)C#CC(Br)(Br)CCCC1
973,COC(=O)C1(O)C#CC(C#N)(C#N)CCCC1
974,ClC1(Cl)C#CC(Cl)(c2ccccc2)CCCC1
975,OC1(Cl)C#CCCCCC1
976,N#CC1(F)C#CC(C#N)(C#N)CCCC1
977,CC1(O)C#CC(F)(F)CCCC1
978,CC1(F)C#CC(C#N)(C#N)CCCC1
979,OC1(F)C#CCCCCC1
980,CC(=O)C1(C(C)=O)C#CC(O)(C(F)(F)F)CCCC1
981,COC(=O)C1(C(F)(F)F)C#CC(Br)(Br)CCCC1
982,COC(=O)C1(C(=O)OC)C#CC(C)(C)CCCC1
983,CC(=O)C1(C(C)=O)C#CC(O)(C#N)CCCC1
984,FC(F)(F)C1(c2ccccc2)C#CC(Br)(Br)CCCC1
985,CC1(Cl)C#CC(O)(O)CCCC1
986,COC(=O)C1(C(=O)OC)C#CC(C(C)=O)(c2ccccc2)CCCC1
987,CC(=O)C1(C(C)=O)C#CC(F)(F)CCCC1
988,CC(=O)C1(C(F)(F)F)C#CC(F)(F)CCCC1
989,FC1(F)C#CC(Br)(c2ccccc2)CCCC1
990,CC1(Cl)C#CC(c2ccccc2)(c2ccccc2)CCCC1
991,ClC1C#CCCCCC1
992,COC(=O)C1(C(=O)OC)C#CC(Br)CCCC1
993,CNC(=O)C1(C(=O)NC)C#CC(Cl)CCCC1
994,CNC(=O)C1(Cl)C#CC(O)(O)CCCC1
995,COC(=O)C1(Br)C#CC(C#N)(C#N)CCCC1
996,CNC(=O)C1(O)C#CC(C(C)=O)(C(C)=O)CCCC1
997,OC1(C(F)(F)F)C#CC(Cl)(Cl)CCCC1
998,CC(=O)C1(C(F)(F)F)C#CC(O)(O)CCCC1
999,CC1(Br)C#CC(C(F)(F)F)(C(F)(F)F)CCCC1
1000,COC(=O)C1(C(=O)OC)C#CC(F)(C(C)=O)CCCC1
1001,FC1(F)C#CC(Cl)(Cl)CCCC1
1002,N#CC1(C#N)C#CC(O)(Cl)CCCC1
1003,CC1(C)C#CC(Br)(C(F)(F)F)CCCC1
1004,COC(=O)C1(F)C#CC(c2ccccc2)(c2ccccc2)CCCC1
1005,COC(=O)C1(C#N)C#CC(Cl)(Cl)CCCC1
1006,FC(F)(F)C1(C(F)(F)F)C#CC(c2ccccc2)CCCC1
1007,COC(=O)C1(c2ccccc2)C#CC(O)(O)CCCC1
1008,ClC1(c2ccccc2)C#CC(c2ccccc2)(c2ccccc2)CCCC1
1009,CC(=O)C1(c2ccccc2)C#CC(C(F)(F)F)(C(F)(F)F)CCCC1
1010,FC1(F)C#CC(c2ccccc2)(c2ccccc2)CCCC1
1011,N#CC1(C#N)C#CC(Cl)(C(F)(F)F)CCCC1
1012,CC1C#CCCCCC1
1013,COC(=O)C1(C(=O)OC)C#CC(C)(O)CCCC1
1014,COC(=O)C1(C(C)=O)C#CC(c2ccccc2)(c2ccccc2)CCCC1
1015,C1#CC(c2ccccc2)(c2ccccc2)CCCCC1(c1ccccc1)c1ccccc1
1016,COC(=O)C1(Br)C#CC(C(C)=O)(C(C)=O)CCCC1
1017,CC1(Br)C#CC(Cl)(Cl)CCCC1
1018,CC1(C)C#CC(C)(Br)CCCC1
1019,CNC(=O)C1(F)C#CC(C(=O)NC)(C(=O)NC)CCCC1
1020,FC(F)(F)C1(Cl)C#CC(C(F)(F)F)(C(F)(F)F)CCCC1
1021,FC1(Br)C#CC(Br)(Br)CCCC1
1022,CNC(=O)C1(C(=O)NC)C#CC(O)(C(=O)OC)CCCC1
1023,CNC(=O)C1(C(=O)NC)C#CC(F)(Cl)CCCC1
1024,COC(=O)C1(C(C)=O)C#CC(C(C)=O)(C(C)=O)CCCC1
1025,COC(=O)C1C#CC(O)(O)CCCC1
1026,CNC(=O)C1(C(=O)NC)C#CC(C(=O)OC)(c2ccccc2)CCCC1
1027,COC(=O)C1(F)C#CC(C)(C)CCCC1
1028,CC(=O)C1(C(C)=O)C#CC(C)(C#N)CCCC1
1029,CNC(=O)C1(C(=O)OC)C#CC(C(F)(F)F)(C(F)(F)F)CCCC1
1030,CNC(=O)C1(C(C)=O)C#CC(c2ccccc2)(c2ccccc2)CCCC1
1031,CNC(=O)C1(C#N)C#CC(Cl)(Cl)CCCC1
1032,COC(=O)C1(F)C#CC(C#N)(C#N)CCCC1
1033,CNC(=O)C1(C)C#CC(C(C)=O)(C(C)=O)CCCC1
1034,OC1(O)C#CC(Br)(c2ccccc2)CCCC1
1035,CNC(=O)C1C#CC(C(=O)NC)(C(=O)NC)CCCC1
1036,CC(=O)C1(C(C)=O)C#CC(O)(O)CCCC1
1037,OC1(O)C#CC(c2ccccc2)(c2ccccc2)CCCC1
1038,FC1(Br)C#CC(Cl)(Cl)CCCC1
1039,OC1(Cl)C#CC(Cl)(Cl)CCCC1
1040,OC1(F)C#CC(F)(F)CCCC1
1041,CC(=O)C1(Cl)C#CC(Br)(Br)CCCC1
1042,N#CC1C#CC(c2ccccc2)(c2ccccc2)CCCC1
1043,CNC(=O)C1(c2ccccc2)C#CC(Br)(Br)CCCC1
1044,CNC(=O)C1(c2ccccc2)C#CC(c2ccccc2)(c2ccccc2)CCCC1
1045,COC(=O)C1(Br)C#CC(c2ccccc2)(c2ccccc2)CCCC1
1046,COC(=O)C1(C(=O)OC)C#CC(C)CCCC1
1047,FC1C#CCCCCC1
1048,CNC(=O)C1(C(=O)NC)C#CC(O)(Cl)CCCC1
1049,CC1(C)C#CC(O)CCCC1
1050,CC1(C)C#CC(O)(C(F)(F)F)CCCC1
1051,CNC(=O)C1(F)C#CC(C#N)(C#N)CCCC1
1052,CC1(C)C#CC(F)(C#N)CCCC1
1053,BrC1C#CC(c2ccccc2)(c2ccccc2)CCCC1
1054,CNC(=O)C1(C(=O)OC)C#CC(c2ccccc2)(c2ccccc2)CCCC1
1055,OC1(O)C#CC(c2ccccc2)(C(F)(F)F)CCCC1
1056,CC1(C(F)(F)F)C#CC(O)(O)CCCC1
1057,OC1(Br)C#CC(C(F)(F)F)(C(F)(F)F)CCCC1
1058,OC1(O)C#CC(C(F)(F)F)(C(F)(F)F)CCCC1
1059,CC(=O)C1(Br)C#CC(F)(F)CCCC1
1060,CNC(=O)C1(C#N)C#CC(O)(O)CCCC1
1061,CC1(Cl)C#CC(Cl)(Cl)CCCC1
1062,COC(=O)C1(C(=O)OC)C#CC(Br)(Br)CCCC1
1063,CC1(C)C#CC(Br)(Br)CCCC1
1064,FC1(Cl)C#CC(C(F)(F)F)(C(F)(F)F)CCCC1
1065,ClC1(Cl)C#CC(Br)(c2ccccc2)CCCC1
1066,CNC(=O)C1(C)C#CC(Cl)(Cl)CCCC1
1067,CNC(=O)C1(C)C#CC(C(=O)OC)(C(=O)OC)CCCC1
1068,FC1(Cl)C#CC(Br)(Br)CCCC1
1069,CNC(=O)C1(C(=O)NC)C#CC(O)CCCC1
1070,CC(=O)C1(C(C)=O)C#CC(C#N)CCCC1
1071,CNC(=O)C1(Cl)C#CCCCCC1
1072,CNC(=O)C1(c2ccccc2)C#CCCCCC1
1073,CNC(=O)C1(F)C#CC(C(=O)OC)(C(=O)OC)CCCC1
1074,CNC(=O)C1(C(=O)NC)C#CC(C(C)=O)(C(F)(F)F)CCCC1
1075,CNC(=O)C1C#CCCCCC1
1076,COC(=O)C1(C(=O)OC)C#CC(C)(C(C)=O)CCCC1
1077,CNC(=O)C1(C(=O)NC)C#CC(Cl)(Br)CCCC1
1078,N#CC1(Cl)C#CC(Br)(Br)CCCC1
1079,FC1C#CC(F)(F)CCCC1
1080,CC(=O)C1(C#N)C#CC(c2ccccc2)(c2ccccc2)CCCC1
1081,N#CC1(Br)C#CC(C(F)(F)F)(C(F)(F)F)CCCC1
1082,COC(=O)C1(C(=O)OC)C#CC(C(C)=O)(C(F)(F)F)CCCC1
1083,CC1(C)C#CC(C#N)(c2ccccc2)CCCC1
1084,CNC(=O)C1(C(=O)NC)C#CC(Br)(C#N)CCCC1
1085,COC(=O)C1(C#N)C#CC(C#N)(C#N)CCCC1
1086,CNC(=O)C1(C(=O)NC)C#CCCCCC1
1087,ClC1C#CC(c2ccccc2)(c2ccccc2)CCCC1
1088,COC(=O)C1C#CC(Br)(Br)CCCC1
1089,CNC(=O)C1(O)C#CC(C(F)(F)F)(C(F)(F)F)CCCC1
1090,CC(=O)C1(C(F)(F)F)C#CC(Cl)(Cl)CCCC1
1091,N#CC1(C#N)C#CC(C(F)(F)F)(C(F)(F)F)CCCC1
1092,CC(=O)C1(O)C#CC(F)(F)CCCC1
1093,CC(=O)C1(C)C#CC(C(F)(F)F)(C(F)(F)F)CCCC1
1094,CC1(C(F)(F)F)C#CC(C#N)(C#N)CCCC1
1095,CNC(=O)C1(F)C#CC(C(C)=O)(C(C)=O)CCCC1
1096,CC(=O)C1(C#N)C#CC(Cl)(Cl)CCCC1
1097,CC1(C#N)C#CCCCCC1
1098,CC(=O)C1(C(C)=O)C#CC(Br)(Br)CCCC1
1099,FC(F)(F)C1C#CC(Br)(Br)CCCC1
1100,COC(=O)C1(c2ccccc2)C#CC(c2ccccc2)(c2ccccc2)CCCC1
1101,FC(F)(F)C1(C(F)(F)F)C#CC(Br)(c2ccccc2)CCCC1
1102,CNC(=O)C1(C(=O)NC)C#CC(O)(C#N)CCCC1
1103,CC(=O)C1(Cl)C#CC(C(F)(F)F)(C(F)(F)F)CCCC1
1104,CC1(C(F)(F)F)C#CC(F)(F)CCCC1
1105,N#CC1(C(F)(F)F)C#CC(O)(O)CCCC1
1106,CNC(=O)C1(O)C#CC(C(=O)NC)(C(=O)NC)CCCC1
1107,ClC1(Cl)C#CC(c2ccccc2)(c2ccccc2)CCCC1
1108,N#CC1(C#N)C#CC(Br)(c2ccccc2)CCCC1
1109,CNC(=O)C1(Cl)C#CC(c2ccccc2)(c2ccccc2)CCCC1
1110,CNC(=O)C1(C(F)(F)F)C#CC(C(F)(F)F)(C(F)(F)F)CCCC1
1111,CC(=O)C1(C(F)(F)F)C#CC(C)(C)CCCC1
1112,OC1C#CC(Br)(Br)CCCC1
1113,CC1(C(F)(F)F)C#CC(Br)(Br)CCCC1
1114,CC1(C)C#CC(C)(F)CCCC1
1115,CC(=O)C1(C(C)=O)C#CC(Cl)(C(F)(F)F)CCCC1
1116,ClC1C#CC(Br)(Br)CCCC1
1117,COC(=O)C1(C(=O)OC)C#CC(O)CCCC1
1118,N#CC1(C#N)C#CC(Cl)(c2ccccc2)CCCC1
1119,CC(=O)C1(c2ccccc2)C#CCCCCC1
1120,CC(=O)C1(F)C#CCCCCC1
1121,FC1(F)C#CCCCCC1
1122,CNC(=O)C1(C(=O)NC)C#CC(c2ccccc2)(c2ccccc2)CCCC1
1123,FC(F)(F)C1(c2ccccc2)C#CC(c2ccccc2)(c2ccccc2)CCCC1
1124,CNC(=O)C1(C(=O)NC)C#CC(Br)(c2ccccc2)CCCC1
1125,CC(=O)C1(C(C)=O)C#CC(Br)(C(F)(F)F)CCCC1
1126,CNC(=O)C1(C#N)C#CCCCCC1
1127,CC1(C(F)(F)F)C#CC(Cl)(Cl)CCCC1
1128,CC(=O)C1(C(C)=O)C#CC(C)(C(F)(F)F)CCCC1
1129,COC(=O)C1(C(=O)OC)C#CC(F)(Br)CCCC1
1130,COC(=O)C1(C)C#CC(Br)(Br)CCCC1
1131,N#CC1(C(F)(F)F)C#CC(F)(F)CCCC1
1132,CNC(=O)C1(C(F)(F)F)C#CC(C(=O)OC)(C(=O)OC)CCCC1
1133,CNC(=O)C1(C(=O)NC)C#CC(C#N)(C(=O)OC)CCCC1
1134,CNC(=O)C1(O)C#CC(c2ccccc2)(c2ccccc2)CCCC1
1135,CC1(c2ccccc2)C#CC(F)(F)CCCC1
1136,CC(=O)C1(Cl)C#CC(C#N)(C#N)CCCC1
1137,C1#CC(c2ccccc2)CCCCC1
1138,FC(F)(F)C1(c2ccccc2)C#CC(Cl)(Cl)CCCC1
1139,N#CC1(F)C#CC(F)(F)CCCC1
1140,CC(=O)C1(C(C)=O)C#CC(F)(Cl)CCCC1
1141,CC(=O)C1(C#N)C#CCCCCC1
1142,N#CC1C#CC(F)(F)CCCC1
1143,CC(=O)C1(C)C#CC(Cl)(Cl)CCCC1
1144,COC(=O)C1(C#N)C#CC(C(C)=O)(C(C)=O)CCCC1
1145,CC1(C)C#CC(c2ccccc2)(C(F)(F)F)CCCC1
1146,COC(=O)C1(C(F)(F)F)C#CC(F)(F)CCCC1
1147,OC1C#CC(Cl)(Cl)CCCC1
1148,CNC(=O)C1(O)C#CC(C)(C)CCCC1
1149,CC(=O)C1(C(C)=O)C#CC(C#N)(C#N)CCCC1
1150,N#CC1(O)C#CCCCCC1
1151,CC(=O)C1C#CC(c2ccccc2)(c2ccccc2)CCCC1
1152,OC1(Br)C#CC(c2ccccc2)(c2ccccc2)CCCC1
1153,CC(=O)C1(C(C)=O)C#CC(C#N)(C(F)(F)F)CCCC1
1154,CNC(=O)C1(C)C#CC(C)(C)CCCC1
1155,CC(=O)C1C#CCCCCC1
1156,FC(F)(F)C1C#CC(C(F)(F)F)(C(F)(F)F)CCCC1
1157,FC1(F)C#CC(F)(c2ccccc2)CCCC1
1158,CC1(C)C#CC(O)(O)CCCC1
1159,CC1(Cl)C#CCCCCC1
1160,COC(=O)C1(C(=O)OC)C#CC(F)(Cl)CCCC1
1161,OC1(c2ccccc2)C#CC(Cl)(Cl)CCCC1
1162,CC(=O)C1C#CC(Cl)(Cl)CCCC1
1163,CNC(=O)C1C#CC(C(=O)OC)(C(=O)OC)CCCC1
1164,CNC(=O)C1(F)C#CC(F)(F)CCCC1
1165,CNC(=O)C1(F)C#CC(c2ccccc2)(c2ccccc2)CCCC1
1166,FC(F)(F)C1(Cl)C#CC(Br)(Br)CCCC1
1167,COC(=O)C1(C)C#CC(O)(O)CCCC1
1168,CC(=O)C1(C(C)=O)C#CC(c2ccccc2)CCCC1
1169,CC(=O)C1(c2ccccc2)C#CC(C#N)(C#N)CCCC1
1170,CC(=O)C1(Br)C#CC(C(F)(F)F)(C(F)(F)F)CCCC1
1171,CNC(=O)C1(C(=O)NC)C#CC(C(C)=O)CCCC1
1172,CC1C#CC(Br)(Br)CCCC1
1173,CC1(C)C#CC(C)(O)CCCC1
1174,FC(F)(F)C1(C(F)(F)F)C#CC(C(F)(F)F)(C(F)(F)F)CCCC1
1175,COC(=O)C1(C(=O)OC)C#CC(Cl)(Cl)CCCC1
1176,CC1(C(F)(F)F)C#CCCCCC1
1177,COC(=O)C1(Cl)C#CC(F)(F)CCCC1
1178,ClC1(c2ccccc2)C#CC(Br)(Br)CCCC1
1179,CNC(=O)C1(C(=O)NC)C#CC(Br)(C(F)(F)F)CCCC1
1180,CC1(F)C#CCCCCC1
1181,COC(=O)C1(C)C#CC(C)(C)CCCC1
1182,N#CC1(Cl)C#CC(F)(F)CCCC1
1183,COC(=O)C1(Cl)C#CC(C(F)(F)F)(C(F)(F)F)CCCC1
1184,FC1C#CC(Cl)(Cl)CCCC1
1185,OC1(O)C#CC(Cl)(C(F)(F)F)CCCC1
1186,COC(=O)C1(Br)C#CC(Br)(Br)CCCC1
1187,CNC(=O)C1(C(=O)NC)C#CC(C#N)(C#N)CCCC1
1188,CC(=O)C1(C(C)=O)C#CC(C(C)=O)(C(F)(F)F)CCCC1
1189,CNC(=O)C1(C(=O)NC)C#CC(C)(Br)CCCC1
1190,OC1C#CC(C(F)(F)F)(C(F)(F)F)CCCC1
1191,CC1(C(F)(F)F)C#CC(C(F)(F)F)(C(F)(F)F)CCCC1
1192,N#CC1(Cl)C#CC(C(F)(F)F)(C(F)(F)F)CCCC1
1193,CNC(=O)C1(C(=O)OC)C#CC(C(=O)OC)(C(=O)OC)CCCC1
1194,CC(=O)C1(C#N)C#CC(Br)(Br)CCCC1
1195,COC(=O)C1C#CC(Cl)(Cl)CCCC1
1196,CC1(Cl)C#CC(C(F)(F)F)(C(F)(F)F)CCCC1
1197,CNC(=O)C1(c2ccccc2)C#CC(C(F)(F)F)(C(F)(F)F)CCCC1
1198,CNC(=O)C1(C(F)(F)F)C#CC(F)(F)CCCC1
1199,COC(=O)C1(F)C#CC(F)(F)CCCC1
1200,CC1(c2ccccc2)C#CC(Br)(Br)CCCC1
1201,COC(=O)C1(C#N)C#CC(C)(C)CCCC1
1202,OC1(Br)C#CC(Br)(Br)CCCC1
1203,FC1(Br)C#CC(C(F)(F)F)(C(F)(F)F)CCCC1
1204,COC(=O)C1(C(=O)OC)C#CC(O)(O)CCCC1
1205,ClC1(Cl)C#CC(Br)(Br)CCCC1
1206,N#CC1(C#N)C#CC(F)(Cl)CCCC1
1207,CC1(C#N)C#CC(C#N)(C#N)CCCC1
1208,COC(=O)C1(C(=O)OC)C#CC(C(=O)OC)(c2ccccc2)CCCC1
1209,COC(=O)C1(O)C#CC(C(=O)OC)(C(=O)OC)CCCC1
1210,CC(=O)C1(O)C#CCCCCC1
1211,N#CC1(Br)C#CC(C#N)(C#N)CCCC1
1212,CNC(=O)C1(C(=O)NC)C#CC(O)(C(F)(F)F)CCCC1
1213,COC(=O)C1(c2ccccc2)C#CC(C(C)=O)(C(C)=O)CCCC1
1214,COC(=O)C1(C(=O)OC)C#CC(C)(Cl)CCCC1
1215,FC1(F)C#CC(C(F)(F)F)(C(F)(F)F)CCCC1
1216,CC1C#CC(C)(C)CCCC1
1217,CC1(C)C#CC(F)(Cl)CCCC1
1218,CC1(C)C#CCCCCC1
1219,FC(F)(F)C1C#CC(Cl)(Cl)CCCC1
1220,COC(=O)C1(C)C#CCCCCC1
1221,COC(=O)C1C#CC(C(C)=O)(C(C)=O)CCCC1
1222,COC(=O)C1(C(=O)OC)C#CC(Br)(C(C)=O)CCCC1
1223,OC1(O)C#CC(O)(Cl)CCCC1
1224,N#CC1(C#N)C#CC(O)(C(F)(F)F)CCCC1
1225,COC(=O)C1(c2ccccc2)C#CC(Cl)(Cl)CCCC1
1226,CNC(=O)C1(O)C#CCCCCC1
1227,BrC1(Br)C#CC(c2ccccc2)CCCC1
1228,BrC1C#CCCCCC1
1229,OC1(O)C#CC(Br)(Br)CCCC1
1230,N#CC1(F)C#CC(Br)(Br)CCCC1
1231,CC(=O)C1(C(C)=O)C#CC(Cl)(c2ccccc2)CCCC1
1232,ClC1(Cl)C#CC(Br)CCCC1
1233,OC1(O)C#CC(F)CCCC1
1234,CC(=O)C1(C(F)(F)F)C#CC(C(F)(F)F)(C(F)(F)F)CCCC1
1235,CC(=O)C1(C(C)=O)C#CC(c2ccccc2)(C(F)(F)F)CCCC1
1236,COC(=O)C1(C#N)C#CCCCCC1
1237,CC(=O)C1C#CC(C(F)(F)F)(C(F)(F)F)CCCC1
1238,CC(=O)C1(C(C)=O)C#CC(C)(C)CCCC1
1239,OC1(F)C#CC(Br)(Br)CCCC1
1240,CNC(=O)C1(O)C#CC(O)(O)CCCC1
1241,N#CC1(C#N)C#CC(O)(Br)CCCC1
1242,CC1(C#N)C#CC(O)(O)CCCC1
1243,N#CC1(Br)C#CC(Cl)(Cl)CCCC1
1244,COC(=O)C1(C(F)(F)F)C#CC(C(C)=O)(C(C)=O)CCCC1
1245,CC(=O)C1(C)C#CCCCCC1
1246,FC1(F)C#CC(Br)(Br)CCCC1
1247,CNC(=O)C1(C(F)(F)F)C#CC(C)(C)CCCC1
1248,CNC(=O)C1(C#N)C#CC(c2ccccc2)(c2ccccc2)CCCC1
1249,OC1(C(F)(F)F)C#CC(C(F)(F)F)(C(F)(F)F)CCCC1
1250,N#CC1(c2ccccc2)C#CC(F)(F)CCCC1
1251,CNC(=O)C1(Br)C#CC(C#N)(C#N)CCCC1
1252,ClC1(Cl)C#CC(Cl)(Cl)CCCC1
1253,CC(=O)C1(C(F)(F)F)C#CCCCCC1
1254,CNC(=O)C1(C(=O)NC)C#CC(c2ccccc2)(C(F)(F)F)CCCC1
1255,N#CC1(C#N)C#CC(F)CCCC1
1256,OC1(O)C#CC(O)(C(F)(F)F)CCCC1
1257,COC(=O)C1(C(=O)OC)C#CC(Cl)(C(F)(F)F)CCCC1
1258,CC(=O)C1(O)C#CC(O)(O)CCCC1
1259,CNC(=O)C1(C)C#CC(C(F)(F)F)(C(F)(F)F)CCCC1
1260,FC(F)(F)C1(F)C#CCCCCC1
1261,COC(=O)C1(C)C#CC(C(F)(F)F)(C(F)(F)F)CCCC1
1262,N#CC1(C#N)C#CC(F)(F)CCCC1
1263,COC(=O)C1C#CC(C(F)(F)F)(C(F)(F)F)CCCC1
1264,CNC(=O)C1(C(=O)NC)C#CC(C)(Cl)CCCC1
1265,CNC(=O)C1(Cl)C#CC(C(F)(F)F)(C(F)(F)F)CCCC1
1266,N#CC1(C#N)C#CC(Br)(C(F)(F)F)CCCC1
1267,CNC(=O)C1(c2ccccc2)C#CC(O)(O)CCCC1
1268,CNC(=O)C1(c2ccccc2)C#CC(Cl)(Cl)CCCC1
1269,CNC(=O)C1(C(=O)NC)C#CC(Br)(C(C)=O)CCCC1
1270,FC1(c2ccccc2)C#CC(Br)(Br)CCCC1
1271,COC(=O)C1(C#N)C#CC(Br)(Br)CCCC1
1272,CNC(=O)C1(C#N)C#CC(C(F)(F)F)(C(F)(F)F)CCCC1
1273,CNC(=O)C1(C(=O)NC)C#CC(C#N)(c2ccccc2)CCCC1
1274,CNC(=O)C1(C(=O)NC)C#CC(C)(c2ccccc2)CCCC1
1275,CNC(=O)C1(F)C#CC(O)(O)CCCC1
1276,OC1(Br)C#CC(Cl)(Cl)CCCC1
1277,CC1(F)C#CC(C(F)(F)F)(C(F)(F)F)CCCC1
1278,CNC(=O)C1(C(=O)NC)C#CC(c2ccccc2)CCCC1
1279,COC(=O)C1(C(=O)OC)C#CC(O)(C(C)=O)CCCC1
1280,FC(F)(F)C1(Br)C#CC(Cl)(Cl)CCCC1
1281,CNC(=O)C1C#CC(C(F)(F)F)(C(F)(F)F)CCCC1
1282,COC(=O)C1(F)C#CC(Br)(Br)CCCC1
1283,CC(=O)C1(C(C)=O)C#CC(C(F)(F)F)(C(F)(F)F)CCCC1
1284,FC(F)(F)C1(F)C#CC(C(F)(F)F)(C(F)(F)F)CCCC1
1285,BrC1(c2ccccc2)C#CC(c2ccccc2)(c2ccccc2)CCCC1
1286,CNC(=O)C1(O)C#CC(C#N)(C#N)CCCC1
1287,OC1C#CC(O)(O)CCCC1
1288,N#CC1(c2ccccc2)C#CC(Br)(Br)CCCC1
1289,CC1(c2ccccc2)C#CC(Cl)(Cl)CCCC1
1290,CC1(C)C#CC(Br)(C#N)CCCC1
1291,CNC(=O)C1(F)C#CC(Br)(Br)CCCC1
1292,CC1(F)C#CC(F)(F)CCCC1
1293,CNC(=O)C1(Cl)C#CC(F)(F)CCCC1
1294,N#CC1(O)C#CC(C(F)(F)F)(C(F)(F)F)CCCC1
1295,CC1(C(F)(F)F)C#CC(c2ccccc2)(c2ccccc2)CCCC1
1296,COC(=O)C1(C(=O)OC)C#CC(O)(c2ccccc2)CCCC1
1297,N#CC1(C#N)C#CC(Br)CCCC1
1298,COC(=O)C1(C(C)=O)C#CC(C#N)(C#N)CCCC1
1299,CNC(=O)C1(C(F)(F)F)C#CC(O)(O)CCCC1
1300,N#CC1(Cl)C#CCCCCC1
1301,CC(=O)C1(C(C)=O)C#CCCCCC1
1302,CC1(C)C#CC(O)(F)CCCC1
1303,CC1C#CC(F)(F)CCCC1
1304,N#CC1C#CC(Br)(Br)CCCC1
1305,CNC(=O)C1(C(=O)NC)C#CC(Br)CCCC1
1306,CC(=O)C1(C(C)=O)C#CC(C)(Br)CCCC1
1307,CC1(C)C#CC(C(F)(F)F)(C(F)(F)F)CCCC1
1308,CNC(=O)C1(C#N)C#CC(C(C)=O)(C(C)=O)CCCC1
1309,CNC(=O)C1C#CC(C)(C)CCCC1
1310,CC(=O)C1C#CC(C(C)=O)(C(C)=O)CCCC1
1311,FC(F)(F)C1(C(F)(F)F)C#CCCCCC1
1312,CNC(=O)C1(C(=O)OC)C#CCCCCC1
1313,N#CC1(C(F)(F)F)C#CCCCCC1
1314,OC1(C(F)(F)F)C#CCCCCC1
1315,CC1(O)C#CC(C(F)(F)F)(C(F)(F)F)CCCC1
1316,CC1C#CC(Cl)(Cl)CCCC1
1317,CC(=O)C1(C#N)C#CC(F)(F)CCCC1
1318,COC(=O)C1(F)C#CC(C(F)(F)F)(C(F)(F)F)CCCC1
1319,CNC(=O)C1(O)C#CC(Cl)(Cl)CCCC1
1320,CC1(Br)C#CC(F)(F)CCCC1
1321,COC(=O)C1(C(=O)OC)C#CC(C)(Br)CCCC1
1322,COC(=O)C1(Cl)C#CC(C)(C)CCCC1
1323,N#CC1(C#N)C#CC(Br)(Br)CCCC1
1324,CNC(=O)C1(C(C)=O)C#CC(C#N)(C#N)CCCC1
1325,CC1(C)C#CC(O)(Br)CCCC1
1326,CC1(F)C#CC(O)(O)CCCC1
1327,CNC(=O)C1(F)C#CCCCCC1
1328,CNC(=O)C1(F)C#CC(Cl)(Cl)CCCC1
1329,CNC(=O)C1(c2ccccc2)C#CC(F)(F)CCCC1
1330,FC1(F)C#CC(c2ccccc2)CCCC1
1331,CC1(c2ccccc2)C#CC(C#N)(C#N)CCCC1
1332,CC1(C)C#CC(C)(C#N)CCCC1
1333,CC1(O)C#CC(Br)(Br)CCCC1
1334,CNC(=O)C1(C(C)=O)C#CC(Br)(Br)CCCC1
1335,N#CC1(C#N)C#CC(F)(Br)CCCC1
1336,CC(=O)C1(Cl)C#CC(Cl)(Cl)CCCC1
1337,COC(=O)C1(C(=O)OC)C#CC(C(=O)OC)(C(=O)OC)CCCC1
